<?xml version="1.0" encoding="UTF-8" standalone="yes"?>
<addon
   id="service.subtitles.legendafacil"
   name="Legenda Fácil"
   version="1.0.1"
   provider-name="Equipe OnePlay">
  <requires>
    <import addon="xbmc.python" version="2.14.0"/>
  </requires>
  <extension point="xbmc.subtitle.module" library="service.py" />
  <extension point="xbmc.addon.metadata">
    <summary lang="en">Legenda Fácil</summary>
    <description lang="en">Search and download subtitles from Github</description>
    <description lang="pt">Procura e baixa legendas do Github</description>
    <disclaimer lang="en">For bugs and to request subtitles, visit https://bit.ly/legendanokodi</disclaimer>
    <disclaimer lang="pt">Para bugs e pedir legendas, visite https://bit.ly/legendanokodi</disclaimer>
    <language></language>
    <platform>all</platform>
    <license>GNU GENERAL PUBLIC LICENSE. Version 3.</license>
    <forum></forum>
    <website></website>
    <email></email>
    <source>https://github.com/zoreu/legenda-facil-para-kodi</source>
  </extension>
</addon>